sentiment,response
sumber belajar,"Anda bisa mencari referensi dari buku, jurnal, atau kursus online."
sumber belajar,Bergabunglah dalam komunitas belajar untuk mendapatkan sumber yang lebih baik.
sumber belajar,"Gunakan platform seperti Coursera, Udemy, atau Khan Academy untuk materi berkualitas."
sumber belajar,Perpustakaan digital dan forum akademik dapat menjadi pilihan yang baik.
sumber belajar,Coba eksplorasi blog dan podcast edukatif yang relevan dengan bidang Anda.
sumber belajar,"Manfaatkan perpustakaan digital atau digilib untuk mengakses buku, jurnal, dan materi penelitian yang dapat mendalami topik secara lebih mendalam."
motivasi belajar,"Fokus pada proses, bukan hanya hasil akhir, agar tetap menikmati perjalanan belajar tanpa merasa terbebani."
motivasi belajar,Tetapkan tujuan belajar yang jelas untuk meningkatkan fokus dan semangat.
motivasi belajar,Cari inspirasi dari kisah sukses orang lain dalam bidang yang Anda pelajari.
motivasi belajar,Tetapkan tujuan kecil yang dapat dicapai untuk merayakan kemajuan dan meningkatkan rasa percaya diri.
motivasi belajar,"Jangan takut gagal, karena setiap kesalahan adalah bagian dari proses belajar."
motivasi belajar,Temukan teman belajar atau komunitas yang bisa saling menyemangati.
manajemen waktu,Tetapkan waktu tertentu untuk setiap tugas agar tidak terlalu lama mengerjakannya.
manajemen waktu,Buat jadwal belajar yang terstruktur dan hindari menunda tugas.
manajemen waktu,Prioritaskan tugas berdasarkan tingkat urgensi dan kesulitan.
manajemen waktu,"Gunakan aplikasi seperti Todolist, memo, atau planner untuk mengelola waktu lebih efisien."
manajemen waktu,Jangan lupa untuk menyisihkan waktu istirahat agar tetap produktif.
manajemen waktu,Hindari multitasking karena dapat mengurangi efektivitas belajar.
manajemen waktu,Evaluasi jadwal belajar secara berkala untuk melihat apa yang perlu diperbaiki.
teknik belajar,Gunakan metode Pomodoro untuk meningkatkan produktivitas saat belajar.
teknik belajar,Terapkan teknik Feynman untuk memahami konsep secara lebih mendalam.
teknik belajar,Coba metode active recall dan spaced repetition untuk mengingat lebih lama.
teknik belajar,Mind mapping bisa membantu menyusun ide dan konsep secara visual.
teknik belajar,Gunakan teknik SQ3R (Survey Question Read Recite Review) untuk membaca lebih efektif.
teknik belajar,Kombinasikan berbagai teknik agar belajar lebih variatif dan tidak membosankan.
teknik belajar,Belajar dengan membuat catatan atau rangkuman dari materi yang dipelajari.
teknik belajar,Mengerjakan soal latihan atau tes untuk menguji pemahaman.
sumber belajar,Coba gunakan platform Youtube untuk mendapatkan sumber belajar yang lebih variaitf.
sumber belajar,Anda dapat mencoba mengikuti seminar atau webinar untuk mendapatkan wawasan baru tentang materi yang dipelajari.
sumber belajar,Gunakanlah e-book gratis dari situs akademik seperti Google Books.
sumber belajar,Cari materi tambahan dari jurnal ilmiah yang dapat diakses melalui Google Scholar.
teknik belajar,"Anda bisa membuat daftar materi yang perlu dipelajari berdasarkan tingkat kesulitan, mulai dari yang termudah hingga tersulit."
teknik belajar,Anda dapat mempelajari kesalahan di ujian sebelumnya untuk menghindari melakukan kesalahan yang sama.
teknik belajar,Coba gunakan flashcard untuk membantu menghafal konsep penting.
teknik belajar,"Coba terapkan materi yang telah dipelajari dalam latihan soal, tidak hanya dengan membacanya saja."
teknik belajar,Coba diskusikan materi dengan teman untuk memperkuat pemahaman Anda.
teknik belajar,Coba ajarkan kembali materi kepada orang lain agar lebih memahami konsepnya.
motivasi belajar,Buatlah jurnal progress belajar untuk mencatat perkembangan dan pencapaian Anda.
motivasi belajar,"Tetapkan target agar lebih termotivasi dalam belajar, mulailah dengan target yang kecil-kecil terlebih dahulu sebagai stimulasi."
motivasi belajar,Hadiahkan diri sendiri setelah mencapai target belajar tertentu.
teknik belajar,Anda bisa coba mendengarkan musik instrumental atau white noise untuk meningkatkan konsentrasi.
motivasi belajar,Ubah lingkungan belajar agar terasa lebih nyaman dan menyenangkan.
motivasi belajar,Ingatkan diri sendiri tentang alasan dan tujuan utama Anda belajar.
manajemen waktu,Bagi waktu belajar menjadi waktu-waktu pendek agar tidak mudah lelah.
manajemen waktu,Coba buat agenda mingguan untuk mengatur tugas dan aktivitas secara efisien.
manajemen waktu,"Gunakan teknik batching, teknik mengelompokkan tugas-tugas yang mirip atau berhubungan satu sama lain untuk dikerjakan secara bersama-sama."
manajemen waktu,Kurangi penggunaan media sosial yang kurang penting dan kegiatan-kegiatan lain yang kurang bermanfaat.
manajemen waktu,"Pastikan untuk menjaga keseimbangan antara belajar, istirahat, dan hiburan."
manajemen waktu,Buat batasan waktu atau deadline untuk setiap tugas agar waktu yang dihabiskan tidak berlebih.
teknik belajar,Gunakan teknik storytelling untuk membuat materi lebih mudah diingat.
teknik belajar,Pelajari konsep dengan membuat analogi atau perbandingan dengan sesuatu yang familiar.
teknik belajar,Gunakan catatan berwarna-warni untuk membantu mengingat informasi penting.
teknik belajar,Coba merekam suara sendiri saat membaca materi dan dengarkan kembali.
teknik belajar,Buat latihan soal sendiri berdasarkan materi yang sudah dipelajari.
